<?xml version="1.0" encoding="UTF-8" standalone="no"?>
<?fileVersion 4.0.0?><cproject storage_type_id="org.eclipse.cdt.core.XmlProjectDescriptionStorage">
	<storageModule moduleId="org.eclipse.cdt.core.settings">
		<cconfiguration id="com.crt.advproject.config.exe.debug.1020020168">
			<storageModule buildSystemId="org.eclipse.cdt.managedbuilder.core.configurationDataProvider" id="com.crt.advproject.config.exe.debug.1020020168" moduleId="org.eclipse.cdt.core.settings" name="Debug">
				<externalSettings/>
				<extensions>
					<extension id="org.eclipse.cdt.core.ELF" point="org.eclipse.cdt.core.BinaryParser"/>
					<extension id="org.eclipse.cdt.core.GNU_ELF" point="org.eclipse.cdt.core.BinaryParser"/>
					<extension id="org.eclipse.cdt.core.GmakeErrorParser" point="org.eclipse.cdt.core.ErrorParser"/>
					<extension id="org.eclipse.cdt.core.GASErrorParser" point="org.eclipse.cdt.core.ErrorParser"/>
					<extension id="org.eclipse.cdt.core.GLDErrorParser" point="org.eclipse.cdt.core.ErrorParser"/>
					<extension id="org.eclipse.cdt.core.CWDLocator" point="org.eclipse.cdt.core.ErrorParser"/>
					<extension id="org.eclipse.cdt.core.GCCErrorParser" point="org.eclipse.cdt.core.ErrorParser"/>
				</extensions>
			</storageModule>
			<storageModule moduleId="cdtBuildSystem" version="4.0.0">
				<configuration artifactExtension="axf" artifactName="${ProjName}" buildArtefactType="org.eclipse.cdt.build.core.buildArtefactType.exe" buildProperties="org.eclipse.cdt.build.core.buildArtefactType=org.eclipse.cdt.build.core.buildArtefactType.exe" cleanCommand="rm -rf" description="Debug build" errorParsers="org.eclipse.cdt.core.CWDLocator;org.eclipse.cdt.core.GmakeErrorParser;org.eclipse.cdt.core.GCCErrorParser;org.eclipse.cdt.core.GLDErrorParser;org.eclipse.cdt.core.GASErrorParser" id="com.crt.advproject.config.exe.debug.1020020168" name="Debug" parent="com.crt.advproject.config.exe.debug" postannouncebuildStep="Performing post-build steps" postbuildStep="arm-none-eabi-size &quot;${BuildArtifactFileName}&quot;; # arm-none-eabi-objcopy -v -O binary &quot;${BuildArtifactFileName}&quot; &quot;${BuildArtifactFileBaseName}.bin&quot; ; # checksum -p ${TargetChip} -d &quot;${BuildArtifactFileBaseName}.bin&quot;;  ">
					<folderInfo id="com.crt.advproject.config.exe.debug.1020020168." name="/" resourcePath="">
						<toolChain id="com.crt.advproject.toolchain.exe.debug.233188668" name="NXP MCU Tools" superClass="com.crt.advproject.toolchain.exe.debug">
							<targetPlatform binaryParser="org.eclipse.cdt.core.ELF;org.eclipse.cdt.core.GNU_ELF" id="com.crt.advproject.platform.exe.debug.2105515755" name="ARM-based MCU (Debug)" superClass="com.crt.advproject.platform.exe.debug"/>
							<builder buildPath="${workspace_loc:/GRUA_3}/Debug" id="com.crt.advproject.builder.exe.debug.1379262337" keepEnvironmentInBuildfile="false" managedBuildOn="true" name="Gnu Make Builder" superClass="com.crt.advproject.builder.exe.debug"/>
							<tool id="com.crt.advproject.cpp.exe.debug.1811675522" name="MCU C++ Compiler" superClass="com.crt.advproject.cpp.exe.debug"/>
							<tool id="com.crt.advproject.gcc.exe.debug.927594377" name="MCU C Compiler" superClass="com.crt.advproject.gcc.exe.debug">
								<option id="com.crt.advproject.gcc.arch.903012935" name="Architecture" superClass="com.crt.advproject.gcc.arch" value="com.crt.advproject.gcc.target.cm3" valueType="enumerated"/>
								<option id="com.crt.advproject.gcc.thumb.295163080" name="Thumb mode" superClass="com.crt.advproject.gcc.thumb" value="true" valueType="boolean"/>
								<option id="gnu.c.compiler.option.preprocessor.def.symbols.768227261" name="Defined symbols (-D)" superClass="gnu.c.compiler.option.preprocessor.def.symbols" valueType="definedSymbols">
									<listOptionValue builtIn="false" value="DEBUG"/>
									<listOptionValue builtIn="false" value="__CODE_RED"/>
									<listOptionValue builtIn="false" value="CORE_M3"/>
									<listOptionValue builtIn="false" value="__USE_CMSIS=CMSISv2p00_LPC17xx"/>
									<listOptionValue builtIn="false" value="__LPC17XX__"/>
									<listOptionValue builtIn="false" value="__REDLIB__"/>
								</option>
								<option id="gnu.c.compiler.option.misc.other.1088970989" name="Other flags" superClass="gnu.c.compiler.option.misc.other" value="-c -fmessage-length=0 -fno-builtin -ffunction-sections -fdata-sections" valueType="string"/>
								<option id="gnu.c.compiler.option.optimization.flags.1483034421" name="Other optimization flags" superClass="gnu.c.compiler.option.optimization.flags" value="-fno-common" valueType="string"/>
								<option id="com.crt.advproject.gcc.hdrlib.2129109479" superClass="com.crt.advproject.gcc.hdrlib" value="Redlib" valueType="enumerated"/>
								<option id="com.crt.advproject.gcc.specs.681173882" superClass="com.crt.advproject.gcc.specs" value="com.crt.advproject.gcc.specs.codered" valueType="enumerated"/>
								<option id="gnu.c.compiler.option.include.paths.881428865" superClass="gnu.c.compiler.option.include.paths" valueType="includePath">
									<listOptionValue builtIn="false" value="&quot;${workspace_loc:/CMSISv2p00_LPC17xx/inc}&quot;"/>
								</option>
								<inputType id="com.crt.advproject.compiler.input.511302303" superClass="com.crt.advproject.compiler.input"/>
							</tool>
							<tool id="com.crt.advproject.gas.exe.debug.1953909775" name="MCU Assembler" superClass="com.crt.advproject.gas.exe.debug">
								<option id="com.crt.advproject.gas.arch.2112860638" name="Architecture" superClass="com.crt.advproject.gas.arch" value="com.crt.advproject.gas.target.cm3" valueType="enumerated"/>
								<option id="com.crt.advproject.gas.thumb.137437886" name="Thumb mode" superClass="com.crt.advproject.gas.thumb" value="true" valueType="boolean"/>
								<option id="gnu.both.asm.option.flags.crt.1407758754" name="Assembler flags" superClass="gnu.both.asm.option.flags.crt" value="-c -x assembler-with-cpp -DDEBUG -D__CODE_RED -DCORE_M3 -D__USE_CMSIS=CMSISv2p00_LPC17xx -D__LPC17XX__ -D__REDLIB__" valueType="string"/>
								<option id="com.crt.advproject.gas.hdrlib.1955637075" superClass="com.crt.advproject.gas.hdrlib" value="Redlib" valueType="enumerated"/>
								<option id="com.crt.advproject.gas.specs.704962593" superClass="com.crt.advproject.gas.specs" value="com.crt.advproject.gas.specs.codered" valueType="enumerated"/>
								<option id="gnu.both.asm.option.include.paths.1422763346" superClass="gnu.both.asm.option.include.paths" valueType="includePath">
									<listOptionValue builtIn="false" value="&quot;${workspace_loc:/CMSISv2p00_LPC17xx/inc}&quot;"/>
								</option>
								<inputType id="cdt.managedbuild.tool.gnu.assembler.input.126931067" superClass="cdt.managedbuild.tool.gnu.assembler.input"/>
								<inputType id="com.crt.advproject.assembler.input.1850570052" name="Additional Assembly Source Files" superClass="com.crt.advproject.assembler.input"/>
							</tool>
							<tool id="com.crt.advproject.link.cpp.exe.debug.2049469370" name="MCU C++ Linker" superClass="com.crt.advproject.link.cpp.exe.debug"/>
							<tool id="com.crt.advproject.link.exe.debug.1199189607" name="MCU Linker" superClass="com.crt.advproject.link.exe.debug">
								<option id="com.crt.advproject.link.gcc.multicore.master.userobjs.1585689855" name="Slave Objects (not visible)" superClass="com.crt.advproject.link.gcc.multicore.master.userobjs" valueType="userObjs"/>
								<option id="com.crt.advproject.link.arch.1982450545" name="Architecture" superClass="com.crt.advproject.link.arch" value="com.crt.advproject.link.target.cm3" valueType="enumerated"/>
								<option id="com.crt.advproject.link.thumb.717223165" name="Thumb mode" superClass="com.crt.advproject.link.thumb" value="true" valueType="boolean"/>
								<option id="com.crt.advproject.link.script.594237614" name="Linker script" superClass="com.crt.advproject.link.script" value="&quot;GRUA_3_Debug.ld&quot;" valueType="string"/>
								<option id="com.crt.advproject.link.manage.1295652978" name="Manage linker script" superClass="com.crt.advproject.link.manage" value="true" valueType="boolean"/>
								<option id="gnu.c.link.option.nostdlibs.29245038" name="No startup or default libs (-nostdlib)" superClass="gnu.c.link.option.nostdlibs" value="true" valueType="boolean"/>
								<option id="gnu.c.link.option.other.2057586200" name="Other options (-Xlinker [option])" superClass="gnu.c.link.option.other" valueType="stringList">
									<listOptionValue builtIn="false" value="-Map=&quot;${BuildArtifactFileBaseName}.map&quot;"/>
									<listOptionValue builtIn="false" value="--gc-sections"/>
									<listOptionValue builtIn="false" value="-print-memory-usage"/>
								</option>
								<option id="com.crt.advproject.link.gcc.hdrlib.893370754" name="Library" superClass="com.crt.advproject.link.gcc.hdrlib" value="com.crt.advproject.gcc.link.hdrlib.codered.none" valueType="enumerated"/>
								<option id="gnu.c.link.option.libs.947540225" superClass="gnu.c.link.option.libs" valueType="libs">
									<listOptionValue builtIn="false" value="CMSISv2p00_LPC17xx"/>
								</option>
								<option id="gnu.c.link.option.paths.1416067534" superClass="gnu.c.link.option.paths" valueType="libPaths">
									<listOptionValue builtIn="false" value="&quot;${workspace_loc:/CMSISv2p00_LPC17xx/Debug}&quot;"/>
								</option>
								<option id="com.crt.advproject.link.crpenable.2105103211" superClass="com.crt.advproject.link.crpenable" value="true" valueType="boolean"/>
								<option id="com.crt.advproject.link.gcc.multicore.slave.1010386081" superClass="com.crt.advproject.link.gcc.multicore.slave"/>
								<inputType id="cdt.managedbuild.tool.gnu.c.linker.input.434653714" superClass="cdt.managedbuild.tool.gnu.c.linker.input">
									<additionalInput kind="additionalinputdependency" paths="$(USER_OBJS)"/>
									<additionalInput kind="additionalinput" paths="$(LIBS)"/>
								</inputType>
							</tool>
						</toolChain>
					</folderInfo>
					<sourceEntries>
						<entry flags="VALUE_WORKSPACE_PATH|RESOLVED" kind="sourcePath" name="src"/>
					</sourceEntries>
				</configuration>
			</storageModule>
			<storageModule moduleId="org.eclipse.cdt.core.externalSettings"/>
		</cconfiguration>
		<cconfiguration id="com.crt.advproject.config.exe.release.810859437">
			<storageModule buildSystemId="org.eclipse.cdt.managedbuilder.core.configurationDataProvider" id="com.crt.advproject.config.exe.release.810859437" moduleId="org.eclipse.cdt.core.settings" name="Release">
				<externalSettings/>
				<extensions>
					<extension id="org.eclipse.cdt.core.ELF" point="org.eclipse.cdt.core.BinaryParser"/>
					<extension id="org.eclipse.cdt.core.GNU_ELF" point="org.eclipse.cdt.core.BinaryParser"/>
					<extension id="org.eclipse.cdt.core.GmakeErrorParser" point="org.eclipse.cdt.core.ErrorParser"/>
					<extension id="org.eclipse.cdt.core.GASErrorParser" point="org.eclipse.cdt.core.ErrorParser"/>
					<extension id="org.eclipse.cdt.core.GLDErrorParser" point="org.eclipse.cdt.core.ErrorParser"/>
					<extension id="org.eclipse.cdt.core.CWDLocator" point="org.eclipse.cdt.core.ErrorParser"/>
					<extension id="org.eclipse.cdt.core.GCCErrorParser" point="org.eclipse.cdt.core.ErrorParser"/>
				</extensions>
			</storageModule>
			<storageModule moduleId="cdtBuildSystem" version="4.0.0">
				<configuration artifactExtension="axf" artifactName="${ProjName}" buildArtefactType="org.eclipse.cdt.build.core.buildArtefactType.exe" buildProperties="org.eclipse.cdt.build.core.buildArtefactType=org.eclipse.cdt.build.core.buildArtefactType.exe" cleanCommand="rm -rf" description="Release build" errorParsers="org.eclipse.cdt.core.CWDLocator;org.eclipse.cdt.core.GmakeErrorParser;org.eclipse.cdt.core.GCCErrorParser;org.eclipse.cdt.core.GLDErrorParser;org.eclipse.cdt.core.GASErrorParser" id="com.crt.advproject.config.exe.release.810859437" name="Release" parent="com.crt.advproject.config.exe.release" postannouncebuildStep="Performing post-build steps" postbuildStep="arm-none-eabi-size &quot;${BuildArtifactFileName}&quot;; # arm-none-eabi-objcopy -v -O binary &quot;${BuildArtifactFileName}&quot; &quot;${BuildArtifactFileBaseName}.bin&quot; ; # checksum -p ${TargetChip} -d &quot;${BuildArtifactFileBaseName}.bin&quot;;  ">
					<folderInfo id="com.crt.advproject.config.exe.release.810859437." name="/" resourcePath="">
						<toolChain id="com.crt.advproject.toolchain.exe.release.254091179" name="NXP MCU Tools" superClass="com.crt.advproject.toolchain.exe.release">
							<targetPlatform binaryParser="org.eclipse.cdt.core.ELF;org.eclipse.cdt.core.GNU_ELF" id="com.crt.advproject.platform.exe.release.1969918627" name="ARM-based MCU (Release)" superClass="com.crt.advproject.platform.exe.release"/>
							<builder buildPath="${workspace_loc:/GRUA_3}/Release" id="com.crt.advproject.builder.exe.release.1056211383" keepEnvironmentInBuildfile="false" managedBuildOn="true" name="Gnu Make Builder" superClass="com.crt.advproject.builder.exe.release"/>
							<tool id="com.crt.advproject.cpp.exe.release.1007627052" name="MCU C++ Compiler" superClass="com.crt.advproject.cpp.exe.release"/>
							<tool id="com.crt.advproject.gcc.exe.release.209681709" name="MCU C Compiler" superClass="com.crt.advproject.gcc.exe.release">
								<option id="com.crt.advproject.gcc.arch.1727860326" name="Architecture" superClass="com.crt.advproject.gcc.arch" value="com.crt.advproject.gcc.target.cm3" valueType="enumerated"/>
								<option id="com.crt.advproject.gcc.thumb.1572749302" name="Thumb mode" superClass="com.crt.advproject.gcc.thumb" value="true" valueType="boolean"/>
								<option id="gnu.c.compiler.option.preprocessor.def.symbols.133940916" name="Defined symbols (-D)" superClass="gnu.c.compiler.option.preprocessor.def.symbols" valueType="definedSymbols">
									<listOptionValue builtIn="false" value="NDEBUG"/>
									<listOptionValue builtIn="false" value="__CODE_RED"/>
									<listOptionValue builtIn="false" value="CORE_M3"/>
									<listOptionValue builtIn="false" value="__USE_CMSIS=CMSISv2p00_LPC17xx"/>
									<listOptionValue builtIn="false" value="__LPC17XX__"/>
									<listOptionValue builtIn="false" value="__REDLIB__"/>
								</option>
								<option id="gnu.c.compiler.option.misc.other.1883328062" name="Other flags" superClass="gnu.c.compiler.option.misc.other" value="-c -fmessage-length=0 -fno-builtin -ffunction-sections -fdata-sections" valueType="string"/>
								<option id="gnu.c.compiler.option.optimization.flags.373878869" name="Other optimization flags" superClass="gnu.c.compiler.option.optimization.flags" value="-fno-common" valueType="string"/>
								<option id="com.crt.advproject.gcc.hdrlib.1955762227" superClass="com.crt.advproject.gcc.hdrlib" value="Redlib" valueType="enumerated"/>
								<option id="com.crt.advproject.gcc.specs.1307763737" superClass="com.crt.advproject.gcc.specs" value="com.crt.advproject.gcc.specs.codered" valueType="enumerated"/>
								<option id="gnu.c.compiler.option.include.paths.1240746972" superClass="gnu.c.compiler.option.include.paths" valueType="includePath">
									<listOptionValue builtIn="false" value="&quot;${workspace_loc:/CMSISv2p00_LPC17xx/inc}&quot;"/>
								</option>
								<inputType id="com.crt.advproject.compiler.input.1302116726" superClass="com.crt.advproject.compiler.input"/>
							</tool>
							<tool id="com.crt.advproject.gas.exe.release.1672783452" name="MCU Assembler" superClass="com.crt.advproject.gas.exe.release">
								<option id="com.crt.advproject.gas.arch.1733549307" name="Architecture" superClass="com.crt.advproject.gas.arch" value="com.crt.advproject.gas.target.cm3" valueType="enumerated"/>
								<option id="com.crt.advproject.gas.thumb.1172026115" name="Thumb mode" superClass="com.crt.advproject.gas.thumb" value="true" valueType="boolean"/>
								<option id="gnu.both.asm.option.flags.crt.1084352647" name="Assembler flags" superClass="gnu.both.asm.option.flags.crt" value="-c -x assembler-with-cpp -DNDEBUG -D__CODE_RED -DCORE_M3 -D__USE_CMSIS=CMSISv2p00_LPC17xx -D__LPC17XX__ -D__REDLIB__" valueType="string"/>
								<option id="com.crt.advproject.gas.hdrlib.1899892994" superClass="com.crt.advproject.gas.hdrlib" value="Redlib" valueType="enumerated"/>
								<option id="com.crt.advproject.gas.specs.655740706" superClass="com.crt.advproject.gas.specs" value="com.crt.advproject.gas.specs.codered" valueType="enumerated"/>
								<option id="gnu.both.asm.option.include.paths.1367888531" superClass="gnu.both.asm.option.include.paths" valueType="includePath">
									<listOptionValue builtIn="false" value="&quot;${workspace_loc:/CMSISv2p00_LPC17xx/inc}&quot;"/>
								</option>
								<inputType id="cdt.managedbuild.tool.gnu.assembler.input.1410651874" superClass="cdt.managedbuild.tool.gnu.assembler.input"/>
								<inputType id="com.crt.advproject.assembler.input.82029186" name="Additional Assembly Source Files" superClass="com.crt.advproject.assembler.input"/>
							</tool>
							<tool id="com.crt.advproject.link.cpp.exe.release.26056454" name="MCU C++ Linker" superClass="com.crt.advproject.link.cpp.exe.release"/>
							<tool id="com.crt.advproject.link.exe.release.1176927033" name="MCU Linker" superClass="com.crt.advproject.link.exe.release">
								<option id="com.crt.advproject.link.gcc.multicore.master.userobjs.567599167" name="Slave Objects (not visible)" superClass="com.crt.advproject.link.gcc.multicore.master.userobjs" valueType="userObjs"/>
								<option id="com.crt.advproject.link.arch.313674930" name="Architecture" superClass="com.crt.advproject.link.arch" value="com.crt.advproject.link.target.cm3" valueType="enumerated"/>
								<option id="com.crt.advproject.link.thumb.83713918" name="Thumb mode" superClass="com.crt.advproject.link.thumb" value="true" valueType="boolean"/>
								<option id="com.crt.advproject.link.script.649012706" name="Linker script" superClass="com.crt.advproject.link.script" value="&quot;GRUA_3_Release.ld&quot;" valueType="string"/>
								<option id="com.crt.advproject.link.manage.181053965" name="Manage linker script" superClass="com.crt.advproject.link.manage" value="true" valueType="boolean"/>
								<option id="gnu.c.link.option.nostdlibs.535867938" name="No startup or default libs (-nostdlib)" superClass="gnu.c.link.option.nostdlibs" value="true" valueType="boolean"/>
								<option id="gnu.c.link.option.other.522121735" name="Other options (-Xlinker [option])" superClass="gnu.c.link.option.other" valueType="stringList">
									<listOptionValue builtIn="false" value="-Map=&quot;${BuildArtifactFileBaseName}.map&quot;"/>
									<listOptionValue builtIn="false" value="--gc-sections"/>
									<listOptionValue builtIn="false" value="-print-memory-usage"/>
								</option>
								<option id="com.crt.advproject.link.gcc.hdrlib.1500586873" name="Library" superClass="com.crt.advproject.link.gcc.hdrlib" value="com.crt.advproject.gcc.link.hdrlib.codered.none" valueType="enumerated"/>
								<option id="gnu.c.link.option.libs.656125773" superClass="gnu.c.link.option.libs" valueType="libs">
									<listOptionValue builtIn="false" value="CMSISv2p00_LPC17xx"/>
								</option>
								<option id="gnu.c.link.option.paths.1675766684" superClass="gnu.c.link.option.paths" valueType="libPaths">
									<listOptionValue builtIn="false" value="&quot;${workspace_loc:/CMSISv2p00_LPC17xx/Release}&quot;"/>
								</option>
								<option id="com.crt.advproject.link.crpenable.775592334" superClass="com.crt.advproject.link.crpenable" value="true" valueType="boolean"/>
								<inputType id="cdt.managedbuild.tool.gnu.c.linker.input.638155038" superClass="cdt.managedbuild.tool.gnu.c.linker.input">
									<additionalInput kind="additionalinputdependency" paths="$(USER_OBJS)"/>
									<additionalInput kind="additionalinput" paths="$(LIBS)"/>
								</inputType>
							</tool>
						</toolChain>
					</folderInfo>
					<sourceEntries>
						<entry flags="VALUE_WORKSPACE_PATH|RESOLVED" kind="sourcePath" name="src"/>
					</sourceEntries>
				</configuration>
			</storageModule>
			<storageModule moduleId="org.eclipse.cdt.core.externalSettings"/>
		</cconfiguration>
	</storageModule>
	<storageModule moduleId="cdtBuildSystem" version="4.0.0">
		<project id="GRUA_3.com.crt.advproject.projecttype.exe.2142243482" name="Executable" projectType="com.crt.advproject.projecttype.exe"/>
	</storageModule>
	<storageModule moduleId="scannerConfiguration">
		<autodiscovery enabled="true" problemReportingEnabled="true" selectedProfileId=""/>
	</storageModule>
	<storageModule moduleId="org.eclipse.cdt.core.LanguageSettingsProviders"/>
	<storageModule moduleId="com.crt.config">
		<projectStorage>&lt;?xml version="1.0" encoding="UTF-8"?&gt;&#13;
&lt;TargetConfig&gt;&#13;
&lt;Properties property_0="" property_2="LPC175x_6x_512.cfx" property_3="NXP" property_4="LPC1769" property_count="5" version="70200"/&gt;&#13;
&lt;infoList vendor="NXP"&gt;&lt;info chip="LPC1769" flash_driver="LPC175x_6x_512.cfx" match_id="0x26113F37" name="LPC1769" package="lpc17_lqfp100.xml" stub="crt_emu_cm3_nxp"&gt;&lt;chip&gt;&lt;name&gt;LPC1769&lt;/name&gt;&#13;
&lt;family&gt;LPC17xx&lt;/family&gt;&#13;
&lt;vendor&gt;NXP (formerly Philips)&lt;/vendor&gt;&#13;
&lt;reset board="None" core="Real" sys="Real"/&gt;&#13;
&lt;clock changeable="TRUE" freq="20MHz" is_accurate="TRUE"/&gt;&#13;
&lt;memory can_program="true" id="Flash" is_ro="true" type="Flash"/&gt;&#13;
&lt;memory id="RAM" type="RAM"/&gt;&#13;
&lt;memory id="Periph" is_volatile="true" type="Peripheral"/&gt;&#13;
&lt;memoryInstance derived_from="Flash" id="MFlash512" location="0x00000000" size="0x80000"/&gt;&#13;
&lt;memoryInstance derived_from="RAM" id="RamLoc32" location="0x10000000" size="0x8000"/&gt;&#13;
&lt;memoryInstance derived_from="RAM" id="RamAHB32" location="0x2007c000" size="0x8000"/&gt;&#13;
&lt;prog_flash blocksz="0x1000" location="0" maxprgbuff="0x1000" progwithcode="TRUE" size="0x10000"/&gt;&#13;
&lt;prog_flash blocksz="0x8000" location="0x10000" maxprgbuff="0x1000" progwithcode="TRUE" size="0x70000"/&gt;&#13;
&lt;peripheralInstance derived_from="LPC17_NVIC" determined="infoFile" id="NVIC" location="0xE000E000"/&gt;&#13;
&lt;peripheralInstance derived_from="TIMER" determined="infoFile" enable="SYSCTL.PCONP.PCTIM0&amp;amp;0x1" id="TIMER0" location="0x40004000"/&gt;&#13;
&lt;peripheralInstance derived_from="TIMER" determined="infoFile" enable="SYSCTL.PCONP.PCTIM1&amp;amp;0x1" id="TIMER1" location="0x40008000"/&gt;&#13;
&lt;peripheralInstance derived_from="TIMER" determined="infoFile" enable="SYSCTL.PCONP.PCTIM2&amp;amp;0x1" id="TIMER2" location="0x40090000"/&gt;&#13;
&lt;peripheralInstance derived_from="TIMER" determined="infoFile" enable="SYSCTL.PCONP.PCTIM3&amp;amp;0x1" id="TIMER3" location="0x40094000"/&gt;&#13;
&lt;peripheralInstance derived_from="LPC17_RIT" determined="infoFile" enable="SYSCTL.PCONP.PCRIT&amp;amp;0x1" id="RIT" location="0x400B0000"/&gt;&#13;
&lt;peripheralInstance derived_from="FGPIO" determined="infoFile" enable="SYSCTL.PCONP.PCGPIO&amp;amp;0x1" id="GPIO0" location="0x2009C000"/&gt;&#13;
&lt;peripheralInstance derived_from="FGPIO" determined="infoFile" enable="SYSCTL.PCONP.PCGPIO&amp;amp;0x1" id="GPIO1" location="0x2009C020"/&gt;&#13;
&lt;peripheralInstance derived_from="FGPIO" determined="infoFile" enable="SYSCTL.PCONP.PCGPIO&amp;amp;0x1" id="GPIO2" location="0x2009C040"/&gt;&#13;
&lt;peripheralInstance derived_from="FGPIO" determined="infoFile" enable="SYSCTL.PCONP.PCGPIO&amp;amp;0x1" id="GPIO3" location="0x2009C060"/&gt;&#13;
&lt;peripheralInstance derived_from="FGPIO" determined="infoFile" enable="SYSCTL.PCONP.PCGPIO&amp;amp;0x1" id="GPIO4" location="0x2009C080"/&gt;&#13;
&lt;peripheralInstance derived_from="LPC17_I2S" determined="infoFile" enable="SYSCTL.PCONP&amp;amp;0x08000000" id="I2S" location="0x400A8000"/&gt;&#13;
&lt;peripheralInstance derived_from="LPC17_SYSCTL" determined="infoFile" id="SYSCTL" location="0x400FC000"/&gt;&#13;
&lt;peripheralInstance derived_from="LPC17_DAC" determined="infoFile" enable="PCB.PINSEL1.P0_26&amp;amp;0x2=2" id="DAC" location="0x4008C000"/&gt;&#13;
&lt;peripheralInstance derived_from="LPC17xx_UART" determined="infoFile" enable="SYSCTL.PCONP.PCUART0&amp;amp;0x1" id="UART0" location="0x4000C000"/&gt;&#13;
&lt;peripheralInstance derived_from="LPC17xx_UART_MODEM" determined="infoFile" enable="SYSCTL.PCONP.PCUART1&amp;amp;0x1" id="UART1" location="0x40010000"/&gt;&#13;
&lt;peripheralInstance derived_from="LPC17xx_UART" determined="infoFile" enable="SYSCTL.PCONP.PCUART2&amp;amp;0x1" id="UART2" location="0x40098000"/&gt;&#13;
&lt;peripheralInstance derived_from="LPC17xx_UART" determined="infoFile" enable="SYSCTL.PCONP.PCUART3&amp;amp;0x1" id="UART3" location="0x4009C000"/&gt;&#13;
&lt;peripheralInstance derived_from="SPI" determined="infoFile" enable="SYSCTL.PCONP.PCSPI&amp;amp;0x1" id="SPI" location="0x40020000"/&gt;&#13;
&lt;peripheralInstance derived_from="LPC17_SSP" determined="infoFile" enable="SYSCTL.PCONP.PCSSP0&amp;amp;0x1" id="SSP0" location="0x40088000"/&gt;&#13;
&lt;peripheralInstance derived_from="LPC17_SSP" determined="infoFile" enable="SYSCTL.PCONP.PCSSP1&amp;amp;0x1" id="SSP1" location="0x40030000"/&gt;&#13;
&lt;peripheralInstance derived_from="LPC17_ADC" determined="infoFile" enable="SYSCTL.PCONP.PCAD&amp;amp;0x1" id="ADC" location="0x40034000"/&gt;&#13;
&lt;peripheralInstance derived_from="LPC17_USBINTST" determined="infoFile" enable="USBCLKCTL.USBClkCtrl&amp;amp;0x12" id="USBINTSTAT" location="0x400fc1c0"/&gt;&#13;
&lt;peripheralInstance derived_from="LPC17_USB_CLK_CTL" determined="infoFile" id="USBCLKCTL" location="0x5000cff4"/&gt;&#13;
&lt;peripheralInstance derived_from="LPC17_USBDEV" determined="infoFile" enable="USBCLKCTL.USBClkSt&amp;amp;0x12=0x12" id="USBDEV" location="0x5000C200"/&gt;&#13;
&lt;peripheralInstance derived_from="LPC17_PWM" determined="infoFile" enable="SYSCTL.PCONP.PWM1&amp;amp;0x1" id="PWM" location="0x40018000"/&gt;&#13;
&lt;peripheralInstance derived_from="LPC17_I2C" determined="infoFile" enable="SYSCTL.PCONP.PCI2C0&amp;amp;0x1" id="I2C0" location="0x4001C000"/&gt;&#13;
&lt;peripheralInstance derived_from="LPC17_I2C" determined="infoFile" enable="SYSCTL.PCONP.PCI2C1&amp;amp;0x1" id="I2C1" location="0x4005C000"/&gt;&#13;
&lt;peripheralInstance derived_from="LPC17_I2C" determined="infoFile" enable="SYSCTL.PCONP.PCI2C2&amp;amp;0x1" id="I2C2" location="0x400A0000"/&gt;&#13;
&lt;peripheralInstance derived_from="LPC17_DMA" determined="infoFile" enable="SYSCTL.PCONP.PCGPDMA&amp;amp;0x1" id="DMA" location="0x50004000"/&gt;&#13;
&lt;peripheralInstance derived_from="LPC17_ENET" determined="infoFile" enable="SYSCTL.PCONP.PCENET&amp;amp;0x1" id="ENET" location="0x50000000"/&gt;&#13;
&lt;peripheralInstance derived_from="CM3_DCR" determined="infoFile" id="DCR" location="0xE000EDF0"/&gt;&#13;
&lt;peripheralInstance derived_from="LPC17_PCB" determined="infoFile" id="PCB" location="0x4002c000"/&gt;&#13;
&lt;peripheralInstance derived_from="LPC17_QEI" determined="infoFile" enable="SYSCTL.PCONP.PCQEI&amp;amp;0x1" id="QEI" location="0x400bc000"/&gt;&#13;
&lt;peripheralInstance derived_from="LPC17_USBHOST" determined="infoFile" enable="USBCLKCTL.USBClkSt&amp;amp;0x11=0x11" id="USBHOST" location="0x5000C000"/&gt;&#13;
&lt;peripheralInstance derived_from="LPC17_USBOTG" determined="infoFile" enable="USBCLKCTL.USBClkSt&amp;amp;0x1c=0x1c" id="USBOTG" location="0x5000C000"/&gt;&#13;
&lt;peripheralInstance derived_from="LPC17_RTC" determined="infoFile" enable="SYSCTL.PCONP.PCRTC&amp;amp;0x1" id="RTC" location="0x40024000"/&gt;&#13;
&lt;peripheralInstance derived_from="MPU" determined="infoFile" id="MPU" location="0xE000ED90"/&gt;&#13;
&lt;peripheralInstance derived_from="LPC1x_WDT" determined="infoFile" id="WDT" location="0x40000000"/&gt;&#13;
&lt;peripheralInstance derived_from="LPC17_FLASHCFG" determined="infoFile" id="FLASHACCEL" location="0x400FC000"/&gt;&#13;
&lt;peripheralInstance derived_from="GPIO_INT" determined="infoFile" id="GPIOINTMAP" location="0x40028080"/&gt;&#13;
&lt;peripheralInstance derived_from="LPC17_CANAFR" determined="infoFile" enable="SYSCTL.PCONP.PCCAN1&amp;amp;0x1|SYSCTL.PCONP.PCCAN2&amp;amp;0x1" id="CANAFR" location="0x4003C000"/&gt;&#13;
&lt;peripheralInstance derived_from="LPC17_CANCEN" determined="infoFile" enable="SYSCTL.PCONP.PCCAN1&amp;amp;0x1|SYSCTL.PCONP.PCCAN2&amp;amp;0x1" id="CANCEN" location="0x40040000"/&gt;&#13;
&lt;peripheralInstance derived_from="LPC17_CANWAKESLEEP" determined="infoFile" id="CANWAKESLEEP" location="0x400FC110"/&gt;&#13;
&lt;peripheralInstance derived_from="LPC17_CANCON" determined="infoFile" enable="SYSCTL.PCONP.PCCAN1&amp;amp;0x1" id="CANCON1" location="0x40044000"/&gt;&#13;
&lt;peripheralInstance derived_from="LPC17_CANCON" determined="infoFile" enable="SYSCTL.PCONP.PCCAN2&amp;amp;0x1" id="CANCON2" location="0x40048000"/&gt;&#13;
&lt;peripheralInstance derived_from="LPC17_MCPWM" determined="infoFile" enable="SYSCTL.PCONP.PCMCPWM&amp;amp;0x1" id="MCPWM" location="0x400B8000"/&gt;&#13;
&lt;peripheralInstance derived_from="LPC17_FMC" determined="infoFile" id="FMC" location="0x40084000"/&gt;&#13;
&lt;/chip&gt;&#13;
&lt;processor&gt;&lt;name gcc_name="cortex-m3"&gt;Cortex-M3&lt;/name&gt;&#13;
&lt;family&gt;Cortex-M&lt;/family&gt;&#13;
&lt;/processor&gt;&#13;
&lt;link href="nxp_lpcxxxx_peripheral.xme" show="embed" type="simple"/&gt;&#13;
&lt;/info&gt;&#13;
&lt;/infoList&gt;&#13;
&lt;/TargetConfig&gt;</projectStorage>
	</storageModule>
	<storageModule moduleId="refreshScope"/>
</cproject>
